{"F1 macro": 0.7071356897038674, "precision": 0.9395372670133911, "recall": 0.9395372670133911, "F1 micro": 0.939487269675792, "_timestamp": 1728910776.5497687, "_runtime": 1825.2170276641846, "_step": 5, "_wandb": {"runtime": 1824}}